	model	wordfreq	acc	diff	expected	unexpected	macrodiff
0	distilgpt2	high	0.25	2.6937532126903534	10.497559010982513	7.80380579829216	2.6937532126903534
1	distilgpt2	low	0.25	2.267814755439758	10.45394742488861	8.186132669448853	2.2678147554397583
2	distilgpt2	mid	0.5	0.09787520766258273	9.233777701854706	9.135902494192123	0.0978752076625824
3	distilgpt2	very high	0.25	2.675498321652413	10.241913005709648	7.566414684057236	2.6754983216524124
4	distilgpt2	very low	0.0	5.806942969560623	12.254529118537903	6.44758614897728	5.806942969560623
