	model	condition	micro-precision	micro-recall	micro-f1	macro-precision	macro-recall	macro-f1	accuracy
0	distilbert-base-uncased	full	0.25	0.16666666666666666	0.2	0.11666666666666665	0.3333333333333333	0.16666666666666666	0.16666666666666666
1	distilbert-base-uncased	short	0.125	0.07692307692307693	0.09523809523809523	0.047619047619047616	0.14285714285714285	0.07142857142857142	0.07692307692307693
