	model	micro-precision	micro-recall	micro-f1	macro-precision	macro-recall	macro-f1	accuracy
0	distilbert-base-uncased	0.20588235294117646	0.12727272727272726	0.15730337078651685	0.13541666666666666	0.15555555555555556	0.06565934065934066	0.12727272727272726
