	model	micro-precision	micro-recall	micro-f1	macro-precision	macro-recall	macro-f1	accuracy
0	roberta-large	0.6875	0.6875	0.6875	0.7181818181818183	0.6875	0.6761133603238867	0.6875
1	siebert/sentiment-roberta-large-english	0.6875	0.6875	0.6875	0.7181818181818183	0.6875	0.6761133603238867	0.6875
